<?xml version="1.0" encoding="UTF-8"?>
<manual library="WAPI" package="Resources" namespace="\filesystem">
  <class name="folderManager" abstract="">
    <info>
      <version>0.1</version>
      <build>1</build>
      <datecreated>1403514886</datecreated>
      <daterevised>1412169341</daterevised>
      <extends/>
      <implements/>
      <throws/>
      <title>Folder Manager</title>
      <description>Website's folder manager.</description>
      <deprecated/>
    </info>
    <constants/>
    <properties>
      <scope type="public"/>
      <scope type="protected"/>
      <scope type="private"/>
    </properties>
    <methods>
      <scope type="public">
        <method name="create" returntype="boolean" static="true">
          <description>Create a new folder</description>
          <parameters>
            <parameter name="$path" type="string" defaultvalue="">
              <description>The folder parent path</description>
            </parameter>
            <parameter name="$name" type="string" defaultvalue="">
              <description>The folder's name</description>
            </parameter>
            <parameter name="$mode" type="integer" defaultvalue="">
              <description>The linux file mode</description>
            </parameter>
            <parameter name="$recursive" type="boolean" defaultvalue="">
              <description>Allows the creation of nested directories specified in the pathname.</description>
            </parameter>
          </parameters>
          <returndescription>True on success, False on failure.</returndescription>
          <throws/>
          <deprecated/>
        </method>
        <method name="remove" returntype="boolean" static="true">
          <description>Removes a directory</description>
          <parameters>
            <parameter name="$path" type="string" defaultvalue="">
              <description>The folder's parent path</description>
            </parameter>
            <parameter name="$name" type="string" defaultvalue="">
              <description>The folder's name</description>
            </parameter>
            <parameter name="$recursive" type="boolean" defaultvalue="">
              <description>Remove all inner contents of the folder recursively.</description>
            </parameter>
          </parameters>
          <returndescription>True on success, False on failure.</returndescription>
          <throws/>
          <deprecated/>
        </method>
        <method name="clean" returntype="boolean" static="true">
          <description>Empties a directory</description>
          <parameters>
            <parameter name="$path" type="string" defaultvalue="">
              <description>The folder's parent path, or the folder's path, if the name is omitted.</description>
            </parameter>
            <parameter name="$name" type="string" defaultvalue="">
              <description>The folder's name</description>
            </parameter>
            <parameter name="$includeHidden" type="boolean" defaultvalue="">
              <description>Whether to include hidden files and folders.</description>
            </parameter>
          </parameters>
          <returndescription>True on success, False on failure.</returndescription>
          <throws/>
          <deprecated/>
        </method>
        <method name="copy" returntype="boolean" static="true">
          <description>Copy a folder (recursively)</description>
          <parameters>
            <parameter name="$source" type="string" defaultvalue="">
              <description>The source folder path.</description>
            </parameter>
            <parameter name="$destination" type="string" defaultvalue="">
              <description>The destination folder path.</description>
            </parameter>
            <parameter name="$contents_only" type="boolean" defaultvalue="">
              <description>True on success, False on failure.</description>
            </parameter>
          </parameters>
          <returndescription>True on success, False on failure.</returndescription>
          <throws/>
          <deprecated/>
        </method>
        <method name="move" returntype="boolean" static="true">
          <description>Move a folder (recursively).</description>
          <parameters>
            <parameter name="$source" type="string" defaultvalue="">
              <description>The source folder path.</description>
            </parameter>
            <parameter name="$destination" type="string" defaultvalue="">
              <description>The destination folder path.</description>
            </parameter>
          </parameters>
          <returndescription>True on success, False on failure.</returndescription>
          <throws/>
          <deprecated/>
        </method>
      </scope>
      <scope type="protected"/>
      <scope type="private">
        <method name="checkPermissions" returntype="boolean" static="true">
          <description>Checks for write permissions in the given directory.</description>
          <parameters>
            <parameter name="$directory" type="string" defaultvalue="">
              <description>The folder path to check for permissions.</description>
            </parameter>
          </parameters>
          <returndescription>True if permissions exist, false otherwise.</returndescription>
          <throws/>
          <deprecated/>
        </method>
      </scope>
    </methods>
  </class>
</manual>
