<?xml version="1.0" encoding="UTF-8"?>
<manual library="WUI" package="Prototype" namespace="\">
  <class name="UIObjectPrototype" abstract="true">
    <info>
      <version>0.1</version>
      <build>2</build>
      <datecreated>1403026003</datecreated>
      <daterevised>1412110421</daterevised>
      <extends/>
      <implements/>
      <throws/>
      <title>UI Object Prototype</title>
      <description>It is the prototype for all ui objects.
All ui objects must inherit this class and implement the "build" method to build the object.</description>
      <deprecated/>
    </info>
    <constants/>
    <properties>
      <scope type="public"/>
      <scope type="protected">
        <prop type="DOMElement" name="UIObjectHolder">
          <description>The UI Object Holder</description>
        </prop>
      </scope>
      <scope type="private"/>
    </properties>
    <methods>
      <scope type="public">
        <method name="build" returntype="mixed" abstract="true">
          <description>It's the abstract Object Builder Function</description>
          <parameters/>
          <returndescription>The UIObject reference.</returndescription>
          <throws/>
          <deprecated/>
        </method>
        <method name="get" returntype="DOMElement">
          <description>Gets the UI Object Holder</description>
          <parameters/>
          <returndescription>The UI Object Holder.</returndescription>
          <throws/>
          <deprecated/>
        </method>
      </scope>
      <scope type="protected">
        <method name="set" returntype="void">
          <description>Sets the UI Object Holder that the inherited class has created.</description>
          <parameters>
            <parameter name="$object" type="DOMElement" defaultvalue="">
              <description>The object holder.</description>
            </parameter>
          </parameters>
          <returndescription/>
          <throws/>
          <deprecated/>
        </method>
      </scope>
      <scope type="private"/>
    </methods>
  </class>
</manual>
