<?xml version="1.0" encoding="UTF-8"?>
<manual library="WAPI" package="Platform" namespace="\">
  <class name="engine" abstract="">
    <info>
      <version>1.0</version>
      <build>1</build>
      <datecreated>1412160765</datecreated>
      <daterevised>1437055591</daterevised>
      <extends/>
      <implements/>
      <throws/>
      <title>Website Engine</title>
      <description>Class responsible for starting and pausing the website engine.</description>
      <deprecated/>
    </info>
    <constants/>
    <properties>
      <scope type="public"/>
      <scope type="protected"/>
      <scope type="private"/>
    </properties>
    <methods>
      <scope type="public">
        <method name="start" returntype="void" static="true">
          <description>Starts debugger, session and user preferences.</description>
          <parameters/>
          <returndescription/>
          <throws/>
          <deprecated/>
        </method>
        <method name="restart" returntype="void" static="true">
          <description>Restarts the engine. Shutdown and then start again.</description>
          <parameters/>
          <returndescription/>
          <throws/>
          <deprecated/>
        </method>
        <method name="shutdown" returntype="void" static="true">
          <description>Sets in suspension (with the user's log out or switch account) the system platform.</description>
          <parameters/>
          <returndescription/>
          <throws/>
          <deprecated/>
        </method>
        <method name="getVar" returntype="mixed" static="true">
          <description>Get a variable from the request.
It uses the HTTPRequest to get the variable.

This is based on the user request and supports GET, POST and COOKIES. It works independent and the user doesn't know (doesn't have to know) where the variable comes from.</description>
          <parameters>
            <parameter name="$name" type="string" defaultvalue="">
              <description>The variable name to get.</description>
            </parameter>
          </parameters>
          <returndescription>The variable value or NULL if the variable doesn't exist in the requested scope.</returndescription>
          <throws/>
          <deprecated/>
        </method>
        <method name="isPost" returntype="boolean" static="true">
          <description>Checks if it is a POST request.
It serves not to check implicit with the HTTPRequest.</description>
          <parameters>
            <parameter name="$includePUT" type="boolean" defaultvalue="">
              <description>Set to include check for PUT request method.
It is FALSE by default.</description>
            </parameter>
          </parameters>
          <returndescription>True if it is a POST (or a PUT, depending on the first parameter) request, false otherwise.</returndescription>
          <throws/>
          <deprecated/>
        </method>
      </scope>
      <scope type="protected"/>
      <scope type="private">
        <method name="requestMethod" returntype="boolean" static="true">
          <description>Checks if the HTTPRequest request method is the same as the variable given.</description>
          <parameters>
            <parameter name="$type" type="string" defaultvalue="">
              <description>The request method to check.</description>
            </parameter>
          </parameters>
          <returndescription>True if the variable has the same value, false otherwise.</returndescription>
          <throws/>
          <deprecated/>
        </method>
      </scope>
    </methods>
  </class>
</manual>
