<?xml version="1.0" encoding="UTF-8"?>
<manual library="WUI" package="Html" namespace="\components">
  <class name="weblink" abstract="">
    <info>
      <version>0.1</version>
      <build>2</build>
      <datecreated>1412112783</datecreated>
      <daterevised>1417161475</daterevised>
      <extends>
        <object>\WUI\Prototype\UIObjectPrototype</object>
      </extends>
      <implements/>
      <throws/>
      <title>Hyperlink Builder</title>
      <description>Builds in one line a weblink with all the attributes.</description>
      <deprecated/>
    </info>
    <constants/>
    <properties>
      <scope type="public"/>
      <scope type="protected"/>
      <scope type="private"/>
    </properties>
    <methods>
      <scope type="public">
        <method name="build" returntype="weblink">
          <description>Builds the weblink DOMElement</description>
          <parameters>
            <parameter name="$href" type="string" defaultvalue="">
              <description>The href attribute value.</description>
            </parameter>
            <parameter name="$target" type="string" defaultvalue="">
              <description>The target value.</description>
            </parameter>
            <parameter name="$content" type="mixed" defaultvalue="">
              <description>The content of the hyperlink.
It can be text or a DOMElement.</description>
            </parameter>
          </parameters>
          <returndescription>The weblink object.</returndescription>
          <throws/>
          <deprecated/>
        </method>
      </scope>
      <scope type="protected"/>
      <scope type="private"/>
    </methods>
  </class>
</manual>
