<?xml version="1.0" encoding="UTF-8"?>
<manual library="WUI" package="Core" namespace="\">
  <class name="WSPage" abstract="">
    <info>
      <version>0.6</version>
      <build>1</build>
      <datecreated>1412156384</datecreated>
      <daterevised>1437128956</daterevised>
      <extends>
        <object>\WUI\Prototype\HTMLPagePrototype</object>
      </extends>
      <implements/>
      <throws/>
      <title>Website Core Page Builder</title>
      <description>It's a singleton pattern implementation for Website Page Builder.
Builds the website page loading the page view from the given path.</description>
      <deprecated/>
    </info>
    <constants>
      <const type="string" name="HOLDER">
        <description>The main page holder to load the page view.</description>
      </const>
      <const type="string" name="REPORT">
        <description>The page report holder, in case of errors.</description>
      </const>
      <const type="string" name="HELPER">
        <description>A general helper holder.</description>
      </const>
    </constants>
    <properties>
      <scope type="public"/>
      <scope type="protected"/>
      <scope type="private">
        <prop type="WSPage" name="instance" static="true">
          <description>The singleton's instance.</description>
        </prop>
        <prop type="array" name="pageAttributes">
          <description>Page attributes for building the ui object. Includes title, meta and more.</description>
        </prop>
      </scope>
    </properties>
    <methods>
      <scope type="public">
        <method name="getInstance" returntype="WSPage" static="true">
          <description>Gets the instance of the WSPage.</description>
          <parameters>
            <parameter name="$pageAttributes" type="array" defaultvalue="">
              <description>The page attributes.
It includes the page title, whether it will have meta information and more.</description>
            </parameter>
          </parameters>
          <returndescription>The WSPage unique instance.</returndescription>
          <throws/>
          <deprecated/>
        </method>
        <method name="build" returntype="WSPage">
          <description>Builds the spine of the page.</description>
          <parameters>
            <parameter name="$pagePath" type="string" defaultvalue="">
              <description>The page path to load the page view.</description>
            </parameter>
          </parameters>
          <returndescription>The WSPage object.</returndescription>
          <throws/>
          <deprecated/>
        </method>
      </scope>
      <scope type="protected">
        <method name="__construct" returntype="void">
          <description>Initializes the Website Page with the page attributes.</description>
          <parameters>
            <parameter name="$pageAttributes" type="array" defaultvalue="">
              <description>An array of page attributes, including title and meta information.</description>
            </parameter>
          </parameters>
          <returndescription/>
          <throws/>
          <deprecated/>
        </method>
      </scope>
      <scope type="private">
        <method name="getPageSettingsValue" returntype="string">
          <description>Get a page settings value.
Given a pageSettings manager and a website settings manager, get from page and then from website.</description>
          <parameters>
            <parameter name="$pageSettings" type="settingsManager" defaultvalue="">
              <description>The pageSettings manager.</description>
            </parameter>
            <parameter name="$wsSettings" type="settingsManager" defaultvalue="">
              <description>The websiteSettings manager.</description>
            </parameter>
            <parameter name="$name" type="string" defaultvalue="">
              <description>The settings name.</description>
            </parameter>
          </parameters>
          <returndescription>The settings value.</returndescription>
          <throws/>
          <deprecated/>
        </method>
        <method name="setHead" returntype="void">
          <description>Inserts all the meta tags, scripts and styles to head.</description>
          <parameters>
            <parameter name="$robots" type="string" defaultvalue="">
              <description>The robots meta context.</description>
            </parameter>
          </parameters>
          <returndescription/>
          <throws/>
          <deprecated/>
        </method>
        <method name="addOpenGraphMeta" returntype="void">
          <description>Adds open graph meta elements to the page.</description>
          <parameters/>
          <returndescription/>
          <throws/>
          <deprecated/>
        </method>
        <method name="addResources" returntype="void">
          <description>Adds the initial static resources to the page header (including initial packages for styles and javascript).</description>
          <parameters>
            <parameter name="$pagePath" type="string" defaultvalue="">
              <description>The page being loaded path.</description>
            </parameter>
          </parameters>
          <returndescription/>
          <throws/>
          <deprecated/>
        </method>
        <method name="getResourceID" returntype="string">
          <description>Get a resource id given a library and a package.</description>
          <parameters>
            <parameter name="$library" type="string" defaultvalue="">
              <description>The resource library.</description>
            </parameter>
            <parameter name="$package" type="string" defaultvalue="">
              <description>The resource package.</description>
            </parameter>
          </parameters>
          <returndescription>The resource id string.</returndescription>
          <throws/>
          <deprecated/>
        </method>
        <method name="getFileName" returntype="string">
          <description>Get the resource file name as it is exported.</description>
          <parameters>
            <parameter name="$prefix" type="string" defaultvalue="">
              <description>The file prefix.</description>
            </parameter>
            <parameter name="$library" type="string" defaultvalue="">
              <description>The resource library.</description>
            </parameter>
            <parameter name="$package" type="string" defaultvalue="">
              <description>The resource package.</description>
            </parameter>
            <parameter name="$type" type="string" defaultvalue="">
              <description>The resource type.</description>
            </parameter>
          </parameters>
          <returndescription>The resource file name.</returndescription>
          <throws/>
          <deprecated/>
        </method>
        <method name="populateBody" returntype="void">
          <description>Builds the body container.</description>
          <parameters>
            <parameter name="$pagePath" type="string" defaultvalue="">
              <description>The page path to load the page view.</description>
            </parameter>
          </parameters>
          <returndescription/>
          <throws/>
          <deprecated/>
        </method>
        <method name="addNoScript" returntype="void">
          <description>Inserts the noscript tag.</description>
          <parameters/>
          <returndescription/>
          <throws/>
          <deprecated/>
        </method>
      </scope>
    </methods>
  </class>
</manual>
