<?xml version="1.0" encoding="UTF-8"?>
<manual library="WAPI" package="Prototype" namespace="\">
  <class name="sourceMap" abstract="">
    <info>
      <version>0.1</version>
      <build>2</build>
      <datecreated>1419927647</datecreated>
      <daterevised>1420214333</daterevised>
      <extends/>
      <implements/>
      <throws/>
      <title>Source Map Class</title>
      <description>Loads a library map index file and reads all the elements.</description>
      <deprecated/>
    </info>
    <constants>
      <const type="string" name="MAP_FILE">
        <description>The default map file name.</description>
      </const>
    </constants>
    <properties>
      <scope type="public"/>
      <scope type="protected"/>
      <scope type="private">
        <prop type="string" name="folderPath">
          <description>The folder path of the file.</description>
        </prop>
        <prop type="string" name="mapFile">
          <description>The map file name.</description>
        </prop>
      </scope>
    </properties>
    <methods>
      <scope type="public">
        <method name="__construct" returntype="void">
          <description>Constructor method for object initialization.</description>
          <parameters>
            <parameter name="$folderPath" type="string" defaultvalue="">
              <description>The folder path for the map file.</description>
            </parameter>
            <parameter name="$mapFile" type="string" defaultvalue="">
              <description>The map file name. By default the MAP_FILE constant is used.</description>
            </parameter>
          </parameters>
          <returndescription/>
          <throws/>
          <deprecated/>
        </method>
        <method name="getLibraryList" returntype="array">
          <description>Gets all libraries in the map file.</description>
          <parameters/>
          <returndescription>An array of all libraries by key and value.</returndescription>
          <throws/>
          <deprecated/>
        </method>
        <method name="getPackageList" returntype="array">
          <description>Get all packages in the given library from the map file.</description>
          <parameters>
            <parameter name="$library" type="string" defaultvalue="">
              <description>The library name.</description>
            </parameter>
          </parameters>
          <returndescription>An array of all packages in the library.</returndescription>
          <throws/>
          <deprecated/>
        </method>
        <method name="getNSList" returntype="array">
          <description>Get all namespaces in the given package.</description>
          <parameters>
            <parameter name="$library" type="string" defaultvalue="">
              <description>The library name.</description>
            </parameter>
            <parameter name="$package" type="string" defaultvalue="">
              <description>The package name.</description>
            </parameter>
            <parameter name="$parentNs" type="string" defaultvalue="">
              <description>The parent namespace (separated by "::", if any).</description>
            </parameter>
          </parameters>
          <returndescription>A nested array of all namespaces.</returndescription>
          <throws/>
          <deprecated/>
        </method>
        <method name="getObjectList" returntype="array">
          <description>Get all objects in the map, in the given library, package and namespace.</description>
          <parameters>
            <parameter name="$library" type="string" defaultvalue="">
              <description>The library name.</description>
            </parameter>
            <parameter name="$package" type="string" defaultvalue="">
              <description>The package name.</description>
            </parameter>
            <parameter name="$parentNs" type="string" defaultvalue="">
              <description>The namespace (separated by "::", if any).
The default value is null, which will select all objects in the package at any depth.
If is set to an empty string (""), it will select all objects as children of the package at depth 1.</description>
            </parameter>
          </parameters>
          <returndescription>An array of all items.
An item is an array of object information, including title, name, library, package and namespace.</returndescription>
          <throws/>
          <deprecated/>
        </method>
      </scope>
      <scope type="protected"/>
      <scope type="private"/>
    </methods>
  </class>
</manual>
