<?xml version="1.0" encoding="UTF-8"?>
<manual library="WUI" package="Presentation" namespace="\">
  <class name="notification" abstract="">
    <info>
      <version>0.1</version>
      <build>2</build>
      <datecreated>1412172099</datecreated>
      <daterevised>1417162345</daterevised>
      <extends>
        <object>\WUI\Prototype\UIObjectPrototype</object>
      </extends>
      <implements/>
      <throws/>
      <title>Website Notification</title>
      <description>Creates a UI notification for all usages.
It can be used to notify the user for changes and updates, show warning messages or show succeed messages after a successful post.</description>
      <deprecated/>
    </info>
    <constants>
      <const type="string" name="ERROR">
        <description>The error notification indicator.</description>
      </const>
      <const type="string" name="WARNING">
        <description>The warning notification indicator.</description>
      </const>
      <const type="string" name="INFO">
        <description>The info notification indicator.</description>
      </const>
      <const type="string" name="SUCCESS">
        <description>The success notification indicator.</description>
      </const>
    </constants>
    <properties>
      <scope type="public"/>
      <scope type="protected"/>
      <scope type="private">
        <prop type="DOMElement" name="body">
          <description>The notification's body.</description>
        </prop>
      </scope>
    </properties>
    <methods>
      <scope type="public">
        <method name="build" returntype="notification">
          <description>Builds the notification.</description>
          <parameters>
            <parameter name="$type" type="string" defaultvalue="">
              <description>The notification's type. See class constants for better explanation.</description>
            </parameter>
            <parameter name="$header" type="boolean" defaultvalue="">
              <description>Specified whether the notification will have header.</description>
            </parameter>
            <parameter name="$timeout" type="boolean" defaultvalue="">
              <description>Sets the notification to fadeout after 1.5 seconds.</description>
            </parameter>
            <parameter name="$disposable" type="boolean" defaultvalue="">
              <description>Lets the user to be able to close the notification.</description>
            </parameter>
          </parameters>
          <returndescription>The notification object.</returndescription>
          <throws/>
          <deprecated/>
        </method>
        <method name="append" returntype="notification">
          <description>Appends a DOMElement to notification body.</description>
          <parameters>
            <parameter name="$content" type="DOMElement" defaultvalue="">
              <description>The element to be appended.</description>
            </parameter>
          </parameters>
          <returndescription>The notification object.</returndescription>
          <throws/>
          <deprecated/>
        </method>
        <method name="appendCustomMessage" returntype="notification">
          <description>Creates and appends a custom notification message.</description>
          <parameters>
            <parameter name="$message" type="mixed" defaultvalue="">
              <description>The message content (string or DOMElement)</description>
            </parameter>
          </parameters>
          <returndescription>The notification object.</returndescription>
          <throws/>
          <deprecated/>
        </method>
      </scope>
      <scope type="protected"/>
      <scope type="private">
        <method name="buildHead" returntype="notification">
          <description>Builds the notification head.</description>
          <parameters>
            <parameter name="$title" type="mixed" defaultvalue="">
              <description>The header's title.</description>
            </parameter>
            <parameter name="$disposable" type="boolean" defaultvalue="">
              <description>Adds a close button to header and lets the user to be able to close the notification.</description>
            </parameter>
          </parameters>
          <returndescription>The notification object.</returndescription>
          <throws/>
          <deprecated/>
        </method>
        <method name="buildBody" returntype="notification">
          <description>Builds the notification body</description>
          <parameters/>
          <returndescription>The notification object.</returndescription>
          <throws/>
          <deprecated/>
        </method>
      </scope>
    </methods>
  </class>
</manual>
