<?xml version="1.0" encoding="UTF-8"?>
<manual library="WEB" package="Platform" namespace="\">
  <class name="pageLoader" abstract="">
    <info>
      <version>0.1</version>
      <build>4</build>
      <datecreated>1420050988</datecreated>
      <daterevised>1449587370</daterevised>
      <extends/>
      <implements/>
      <throws/>
      <title>Webpage Loader Class</title>
      <description>Gives the directives to build a Website Page and prints the constructed page to the user.</description>
      <deprecated/>
    </info>
    <constants/>
    <properties>
      <scope type="public"/>
      <scope type="protected"/>
      <scope type="private"/>
    </properties>
    <methods>
      <scope type="public">
        <method name="load" returntype="void" static="true">
          <description>Loads a page with the defined website page content.</description>
          <parameters/>
          <returndescription/>
          <throws/>
          <deprecated/>
        </method>
      </scope>
      <scope type="protected"/>
      <scope type="private"/>
    </methods>
  </class>
</manual>
