<?xml version="1.0" encoding="UTF-8"?>
<manual library="WAPI" package="Geoloc" namespace="\">
  <class name="locale" abstract="">
    <info>
      <version>2.0</version>
      <build>3</build>
      <datecreated>1412164961</datecreated>
      <daterevised>1437130896</daterevised>
      <extends/>
      <implements/>
      <throws/>
      <title>Website Locale Manager</title>
      <description>Handles all about languages and locales</description>
      <deprecated/>
    </info>
    <constants/>
    <properties>
      <scope type="public"/>
      <scope type="protected"/>
      <scope type="private">
        <prop type="string" name="defaultLocale" static="true">
          <description>The website base locale.</description>
        </prop>
        <prop type="string" name="currentLocale" static="true">
          <description>The current locale as class cache.</description>
        </prop>
        <prop type="boolean" name="initiated" static="true">
          <description>Whether locale is already initiated.</description>
        </prop>
      </scope>
    </properties>
    <methods>
      <scope type="public">
        <method name="init" returntype="void" static="true">
          <description>Initialize locale for the current script.</description>
          <parameters/>
          <returndescription/>
          <throws/>
          <deprecated/>
        </method>
        <method name="getDefault" returntype="string" static="true">
          <description>Get the website base locale.</description>
          <parameters/>
          <returndescription>The website's base locale.</returndescription>
          <throws/>
          <deprecated/>
        </method>
        <method name="set" returntype="boolean" static="true">
          <description>Set the website's current locale for the user.</description>
          <parameters>
            <parameter name="$locale" type="string" defaultvalue="">
              <description>The locale to set.</description>
            </parameter>
          </parameters>
          <returndescription>True on success, false on failure.</returndescription>
          <throws/>
          <deprecated/>
        </method>
        <method name="get" returntype="string" static="true">
          <description>Get the current active locale.</description>
          <parameters/>
          <returndescription>The locale string.</returndescription>
          <throws/>
          <deprecated/>
        </method>
        <method name="active" returntype="array" static="true">
          <description>Get all locale that are supported by the website.</description>
          <parameters/>
          <returndescription>An array of all supported locale.</returndescription>
          <throws/>
          <deprecated/>
        </method>
        <method name="info" returntype="array" static="true">
          <description>Gets the locale's info.</description>
          <parameters>
            <parameter name="$locale" type="string" defaultvalue="">
              <description>The requested locale.
If left empty, get the current locale.</description>
            </parameter>
          </parameters>
          <returndescription>An array of information about the current locale, the country and the language of this locale.</returndescription>
          <throws/>
          <deprecated/>
        </method>
      </scope>
      <scope type="protected"/>
      <scope type="private"/>
    </methods>
  </class>
</manual>
