<?xml version="1.0" encoding="UTF-8"?>
<manual library="WAPI" package="Resources" namespace="\filesystem">
  <class name="fileManager" abstract="">
    <info>
      <version>0.1</version>
      <build>1</build>
      <datecreated>1403513909</datecreated>
      <daterevised>1412169213</daterevised>
      <extends/>
      <implements/>
      <throws/>
      <title>File Manager</title>
      <description>Website's file manager.</description>
      <deprecated/>
    </info>
    <constants/>
    <properties>
      <scope type="public"/>
      <scope type="protected"/>
      <scope type="private"/>
    </properties>
    <methods>
      <scope type="public">
        <method name="create" returntype="boolean" static="true">
          <description>Creates a new text file</description>
          <parameters>
            <parameter name="$file" type="string" defaultvalue="">
              <description>The file path</description>
            </parameter>
            <parameter name="$contents" type="string" defaultvalue="">
              <description>The text file contents</description>
            </parameter>
            <parameter name="$recursive" type="boolean" defaultvalue="">
              <description>Indicates whether the file will create the path's folders if don't exist.</description>
            </parameter>
          </parameters>
          <returndescription>Returns True on success, False on failure</returndescription>
          <throws/>
          <deprecated/>
        </method>
        <method name="remove" returntype="boolean" static="true">
          <description>Remove a file</description>
          <parameters>
            <parameter name="$file" type="string" defaultvalue="">
              <description>The file path</description>
            </parameter>
          </parameters>
          <returndescription>Returns True on success, False on failure</returndescription>
          <throws/>
          <deprecated/>
        </method>
        <method name="get" returntype="string" static="true">
          <description>Returns the contents of a given file.</description>
          <parameters>
            <parameter name="$file" type="string" defaultvalue="">
              <description>The file path.</description>
            </parameter>
          </parameters>
          <returndescription>Returns the contents of a given file.</returndescription>
          <throws/>
          <deprecated/>
        </method>
        <method name="put" returntype="boolean" static="true">
          <description>Puts contents to the given file.</description>
          <parameters>
            <parameter name="$path" type="string" defaultvalue="">
              <description>The file path.</description>
            </parameter>
            <parameter name="$contents" type="string" defaultvalue="">
              <description>The contents to be written.</description>
            </parameter>
          </parameters>
          <returndescription>True on success
False on failure</returndescription>
          <throws/>
          <deprecated/>
        </method>
        <method name="copy" returntype="boolean" static="true">
          <description>Copies a file.</description>
          <parameters>
            <parameter name="$from_file" type="string" defaultvalue="">
              <description>The source file path.</description>
            </parameter>
            <parameter name="$to_file" type="string" defaultvalue="">
              <description>The destination file path.</description>
            </parameter>
            <parameter name="$preventOverwrite" type="boolean" defaultvalue="">
              <description>If set to TRUE the destination file will not be overwritten.</description>
            </parameter>
          </parameters>
          <returndescription>True on success
False on failure</returndescription>
          <throws/>
          <deprecated/>
        </method>
        <method name="move" returntype="boolean" static="true">
          <description>Moves a file</description>
          <parameters>
            <parameter name="$from_file" type="string" defaultvalue="">
              <description>The source file path.</description>
            </parameter>
            <parameter name="$to_file" type="string" defaultvalue="">
              <description>The destination file path.</description>
            </parameter>
            <parameter name="$preventOverwrite" type="boolean" defaultvalue="">
              <description>If set to TRUE the destination file will not be overwritten.</description>
            </parameter>
          </parameters>
          <returndescription>True on success
False on failure</returndescription>
          <throws/>
          <deprecated/>
        </method>
        <method name="getSize" returntype="mixed" static="true">
          <description>Returns the size of a file, or FALSE in case of an error.</description>
          <parameters>
            <parameter name="$file" type="string" defaultvalue="">
              <description>The path to the file.</description>
            </parameter>
            <parameter name="$formated" type="boolean" defaultvalue="">
              <description>If set to TRUE, then the size will be formated.</description>
            </parameter>
          </parameters>
          <returndescription>The file size, formated [not in bytes] or not [in bytes], or FALSE in case of an error.</returndescription>
          <throws/>
          <deprecated/>
        </method>
      </scope>
      <scope type="protected"/>
      <scope type="private">
        <method name="formatBytes" returntype="integer">
          <description>Takes and formats a size in bytes.</description>
          <parameters>
            <parameter name="$bytes" type="integer" defaultvalue="">
              <description>The size in bytes</description>
            </parameter>
            <parameter name="$precision" type="integer" defaultvalue="">
              <description>The precision of the rounded sizes in digits.</description>
            </parameter>
          </parameters>
          <returndescription>The size formated in the highest value possible.</returndescription>
          <throws/>
          <deprecated/>
        </method>
      </scope>
    </methods>
  </class>
</manual>
