<?xml version="1.0" encoding="UTF-8"?>
<dependencies><use path="\\WSPage"></use><use path="\WEB\Website\settings\pageSettings"></use><use path="\WEB\Website\settings\metaSettings"></use><use path="\WAPI\Prototype\sourceMap"></use><use path="\WAPI\Platform\importer"></use><use path="\WAPI\Geoloc\locale"></use><use path="\WUI\Html\HTML"></use><use path="\WAPI\Environment\url"></use><use path="\WAPI\Resources\paths"></use><use path="\WEB\Platform\website"></use><use path="\WAPI\Environment\cookies"></use><use path="\Exception"></use><use path="\WUI\Prototype\HTMLPagePrototype"></use></dependencies>
