<?xml version="1.0" encoding="UTF-8"?>
<manual library="WAPI" package="Profiler" namespace="\">
  <class name="logger" abstract="">
    <info>
      <version>1.0</version>
      <build>1</build>
      <datecreated>1419016069</datecreated>
      <daterevised>1419017311</daterevised>
      <extends/>
      <implements/>
      <throws/>
      <title>Logger</title>
      <description>A class to log errors occuring during the web core execution</description>
      <deprecated/>
    </info>
    <constants>
      <const type="integer" name="EMERGENCY">
        <description>The system is unusable.</description>
      </const>
      <const type="integer" name="ALERT">
        <description>Action must be taken immediately.</description>
      </const>
      <const type="integer" name="CRITICAL">
        <description>Critical cCritical conditions.onditions.</description>
      </const>
      <const type="integer" name="ERROR">
        <description>Error conditions.</description>
      </const>
      <const type="integer" name="WARNING">
        <description>Warning conditions.</description>
      </const>
      <const type="integer" name="NOTICE">
        <description>Normal, but significant condition.</description>
      </const>
      <const type="integer" name="INFO">
        <description>Informational message.</description>
      </const>
      <const type="integer" name="DEBUG">
        <description>Debugging message.</description>
      </const>
    </constants>
    <properties>
      <scope type="public"/>
      <scope type="protected"/>
      <scope type="private">
        <prop type="logger" name="instance" static="true">
          <description>The logger instance.</description>
        </prop>
      </scope>
    </properties>
    <methods>
      <scope type="public">
        <method name="getInstance" returntype="logger" static="true">
          <description>Get the logger instance object.</description>
          <parameters/>
          <returndescription>The logger instance object.</returndescription>
          <throws/>
          <deprecated/>
        </method>
        <method name="log" returntype="boolean">
          <description>Creates a new entry log.</description>
          <parameters>
            <parameter name="$description" type="string" defaultvalue="">
              <description>The log description.</description>
            </parameter>
            <parameter name="$level" type="integer" defaultvalue="">
              <description>The log level.
Use the class constants.</description>
            </parameter>
          </parameters>
          <returndescription>True on success, false on failure.</returndescription>
          <throws/>
          <deprecated/>
        </method>
      </scope>
      <scope type="protected"/>
      <scope type="private">
        <method name="__construct" returntype="void">
          <description>The constructor Method</description>
          <parameters/>
          <returndescription/>
          <throws/>
          <deprecated/>
        </method>
      </scope>
    </methods>
  </class>
</manual>
