<?xml version="1.0" encoding="UTF-8"?>
<map><library name="WAPI"><package name="Platform"><object name="importer" title="importer"/><object name="engine" title="engine"/></package><package name="Comm"><namespace name="database"><object name="dbConnection" title="dbConnection"/><object name="sqlQuery" title="sqlQuery"/><namespace name="connectors"><object name="mysql_dbConnector" title="mysql_dbConnector"/></namespace></namespace><namespace name="mail"><object name="mailer" title="mailer"/><namespace name="phpmailer"><object name="phpmailer" title="phpmailer"/><object name="pop3" title="pop3"/><object name="smtp" title="smtp"/></namespace></namespace></package><package name="Resources"><object name="DOMParser" title="DOMParser"/><namespace name="literals"/><namespace name="storage"/><namespace name="filesystem"><object name="fileManager" title="fileManager"/><object name="folderManager" title="folderManager"/><namespace name="archive"><object name="zipArchive" title="zipArchive"/></namespace><object name="directory" title="directory"/></namespace><object name="paths" title="paths"/><object name="settingsManager" title="settingsManager"/></package><package name="Geoloc"><object name="locale" title="locale"/><object name="region" title="region"/><object name="datetimer" title="datetimer"/></package><package name="Prototype"><object name="DOMPrototype" title="DOMPrototype"/><object name="sourceMap" title="sourceMap"/><object name="pageMap" title="pageMap"/></package><package name="Literals"><object name="literal" title="literal"/></package><package name="Environment"><object name="session" title="session"/><object name="cookies" title="cookies"/><object name="url" title="url"/></package><package name="Profiler"><object name="logger" title="logger"/></package><package name="Protocol"><namespace name="http"><object name="HTTPRequest" title="HTTPRequest"></object></namespace></package></library><library name="WUI"><package name="Prototype"><object name="UIObjectPrototype" title="UIObjectPrototype"/><object name="HTMLPagePrototype" title="HTMLPagePrototype"/><object name="PopupPrototype" title="PopupPrototype"/><object name="FormPrototype" title="FormPrototype"/></package><package name="Presentation"><object name="notification" title="notification"/><object name="popup" title="popup"/></package><package name="Forms"><object name="form" title="form"/><namespace name="formControls"><object name="formItem" title="formItem"/><object name="formInput" title="formInput"/><object name="formButton" title="formButton"/><object name="formLabel" title="formLabel"/></namespace></package><package name="Html"><object name="HTML" title="HTML"/><namespace name="components"><object name="weblink" title="weblink"/></namespace></package><package name="Website"><object name="pageView" title="pageView"/></package><package name="Content"><object name="HTMLContent" title="HTMLContent"/></package><package name="Core"><object name="WSPage" title="WSPage"/></package></library><library name="WDEV"><package name="Profiler"><namespace name="log"><object name="websiteLogger" title="websiteLogger"/><object name="wsdkLogger" title="wsdkLogger"/></namespace></package><package name="Tester"><object name="tester" title="tester"/><namespace name="source"/><namespace name="pages"/><namespace name="core"><object name="sdkTester" title="sdkTester"/></namespace></package></library><library name="WEB"><package name="Website"><object name="pageLoader" title="pageLoader"/><object name="website" title="website"/><namespace name="settings"><object name="metaSettings" title="metaSettings"/><object name="globalSettings" title="globalSettings"/><object name="pageSettings" title="pageSettings"/></namespace></package><package name="Core"><namespace name="settings"/></package><package name="Platform"><object name="website" title="website"/><object name="pageLoader" title="pageLoader"/></package></library></map>
