<?xml version="1.0" encoding="UTF-8"?>
<manual library="WAPI" package="Prototype" namespace="\">
  <class name="pageMap" abstract="">
    <info>
      <version>0.1</version>
      <build>3</build>
      <datecreated>1420214324</datecreated>
      <daterevised>1442739145</daterevised>
      <extends/>
      <implements/>
      <throws/>
      <title>Page map index manager.</title>
      <description>Loads a page map index file and reads all the folders and pages.</description>
      <deprecated/>
    </info>
    <constants>
      <const type="string" name="MAP_FILE">
        <description>The default map file name.</description>
      </const>
    </constants>
    <properties>
      <scope type="public"/>
      <scope type="protected"/>
      <scope type="private">
        <prop type="string" name="folderPath">
          <description>The folder path of the file.</description>
        </prop>
        <prop type="string" name="mapFile">
          <description>The map file name.</description>
        </prop>
      </scope>
    </properties>
    <methods>
      <scope type="public">
        <method name="__construct" returntype="void">
          <description>Constructor method for object initialization.</description>
          <parameters>
            <parameter name="$folderPath" type="string" defaultvalue="">
              <description>The folder path for the map file.</description>
            </parameter>
            <parameter name="$mapFile" type="string" defaultvalue="">
              <description>The map file name.
By default the MAP_FILE constant is used.</description>
            </parameter>
          </parameters>
          <returndescription/>
          <throws/>
          <deprecated/>
        </method>
        <method name="getFolders" returntype="array">
          <description>Get an array of all the folders under the given path.</description>
          <parameters>
            <parameter name="$parent" type="string" defaultvalue="">
              <description>The folder to look down from.
The default value is empty, for the root.
Separate each folder with "/".</description>
            </parameter>
            <parameter name="$compact" type="boolean" defaultvalue="">
              <description>Whether to return a single compact array with folders separated by "/" or a nested array.</description>
            </parameter>
          </parameters>
          <returndescription>A nested array of all the folders under the given path.</returndescription>
          <throws/>
          <deprecated/>
        </method>
        <method name="getFolderPages" returntype="array">
          <description>Get all pages in a given folder.</description>
          <parameters>
            <parameter name="$parent" type="string" defaultvalue="">
              <description>The folder to look down from.
The default value is empty, for the root.
Separate each folder with "/".</description>
            </parameter>
          </parameters>
          <returndescription>An array of all pages.</returndescription>
          <throws/>
          <deprecated/>
        </method>
      </scope>
      <scope type="protected"/>
      <scope type="private"/>
    </methods>
  </class>
</manual>
