<?xml version="1.0" encoding="UTF-8"?>
<manual library="WAPI" package="Geoloc" namespace="\">
  <class name="region" abstract="">
    <info>
      <version>0.1</version>
      <build>2</build>
      <datecreated>1412356760</datecreated>
      <daterevised>1417160492</daterevised>
      <extends/>
      <implements/>
      <throws/>
      <title>Region Manager</title>
      <description>Gets all the information about the user's region.</description>
      <deprecated/>
    </info>
    <constants/>
    <properties>
      <scope type="public"/>
      <scope type="protected"/>
      <scope type="private">
        <prop type="string" name="defaultRegion" static="true">
          <description>The default system region.</description>
        </prop>
      </scope>
    </properties>
    <methods>
      <scope type="public">
        <method name="get" returntype="string" static="true">
          <description>Get the user's current region</description>
          <parameters/>
          <returndescription>It is the countryCode_ISO2A field, so the ISO2A country code.</returndescription>
          <throws/>
          <deprecated/>
        </method>
        <method name="getDefault" returntype="string" static="true">
          <description>Gets the default region by locale.</description>
          <parameters/>
          <returndescription>It is the countryCode_ISO2A field, so the ISO2A country code.</returndescription>
          <throws/>
          <deprecated/>
        </method>
      </scope>
      <scope type="protected"/>
      <scope type="private"/>
    </methods>
  </class>
</manual>
